Deployment,Scenario,# Large Orgs,# Small/Med Orgs,Annual Benefit (USD),One-time Costs (USD),Annualized Cost (USD),Net Annual (USD)
Canada (national),Conservative,25,95,422500000,124000000,24800000.0,397700000.0
Canada (national),Expected,25,95,767500000,124000000,24800000.0,742700000.0
Canada (national),Aggressive,25,95,1535000000,124000000,24800000.0,1510200000.0
Worldwide,Conservative,300,1200,5100000000,1504000000,300800000.0,4799200000.0
Worldwide,Expected,300,1200,9300000000,1504000000,300800000.0,8999200000.0
Worldwide,Aggressive,300,1200,18600000000,1504000000,300800000.0,18299200000.0
