Deployment,Sector,Scenario,# Large,# Small/Med,"Per‑Org Benefit (Large, USD/yr)","Per‑Org Benefit (Small, USD/yr)",Annual Benefit (USD),One‑Time Cost Alloc (USD),Annualized Cost (USD),Net Annual (USD)
Canada (national),Tax & Revenue,Conservative,5,15,24500000.0,1750000.0,148750000.0,20145719.489981785,4029143.897996357,144720856.10200363
Canada (national),Tax & Revenue,Expected,5,15,35000000.0,2500000.0,212500000.0,20145719.489981785,4029143.897996357,208470856.10200363
Canada (national),Tax & Revenue,Aggressive,5,15,56000000.0,4000000.0,340000000.0,20145719.489981785,4029143.897996357,335970856.10200363
Canada (national),Health,Conservative,15,40,21000000.0,1400000.0,371000000.0,55400728.597449906,11080145.71948998,359919854.28051
Canada (national),Health,Expected,15,40,30000000.0,2000000.0,530000000.0,55400728.597449906,11080145.71948998,518919854.28051
Canada (national),Health,Aggressive,15,40,48000000.0,3200000.0,848000000.0,55400728.597449906,11080145.71948998,836919854.2805101
Canada (national),Justice & Public Safety,Conservative,10,20,17500000.0,1050000.0,196000000.0,30218579.234972678,6043715.846994536,189956284.15300545
Canada (national),Justice & Public Safety,Expected,10,20,25000000.0,1500000.0,280000000.0,30218579.234972678,6043715.846994536,273956284.1530055
Canada (national),Justice & Public Safety,Aggressive,10,20,40000000.0,2400000.0,448000000.0,30218579.234972678,6043715.846994536,441956284.1530055
Canada (national),Social Services,Conservative,10,30,14000000.0,840000.0,165200000.0,40291438.97996357,8058287.795992714,157141712.2040073
Canada (national),Social Services,Expected,10,30,20000000.0,1200000.0,236000000.0,40291438.97996357,8058287.795992714,227941712.2040073
Canada (national),Social Services,Aggressive,10,30,32000000.0,1920000.0,377600000.0,40291438.97996357,8058287.795992714,369541712.20400727
Canada (national),Transportation,Conservative,8,25,12600000.0,700000.0,118300000.0,33240437.158469945,6648087.431693989,111651912.56830601
Canada (national),Transportation,Expected,8,25,18000000.0,1000000.0,169000000.0,33240437.158469945,6648087.431693989,162351912.568306
Canada (national),Transportation,Aggressive,8,25,28800000.0,1600000.0,270400000.0,33240437.158469945,6648087.431693989,263751912.568306
Canada (national),Environment & Regulatory,Conservative,8,25,8400000.0,560000.0,81200000.0,33240437.158469945,6648087.431693989,74551912.56830601
Canada (national),Environment & Regulatory,Expected,8,25,12000000.0,800000.0,116000000.0,33240437.158469945,6648087.431693989,109351912.56830601
Canada (national),Environment & Regulatory,Aggressive,8,25,19200000.0,1280000.0,185600000.0,33240437.158469945,6648087.431693989,178951912.568306
Canada (national),Procurement & Finance,Conservative,8,30,10500000.0,700000.0,105000000.0,38276867.030965395,7655373.406193079,97344626.59380692
Canada (national),Procurement & Finance,Expected,8,30,15000000.0,1000000.0,150000000.0,38276867.030965395,7655373.406193079,142344626.59380692
Canada (national),Procurement & Finance,Aggressive,8,30,24000000.0,1600000.0,240000000.0,38276867.030965395,7655373.406193079,232344626.59380692
Canada (national),Municipal / Local Government,Conservative,0,300,2100000.0,420000.0,126000000.0,302185792.3497268,60437158.469945356,65562841.530054644
Canada (national),Municipal / Local Government,Expected,0,300,3000000.0,600000.0,180000000.0,302185792.3497268,60437158.469945356,119562841.53005464
Canada (national),Municipal / Local Government,Aggressive,0,300,4800000.0,960000.0,288000000.0,302185792.3497268,60437158.469945356,227562841.53005463
