Deployment,Scenario,Annual Benefit (USD),One‑Time Cost Alloc (USD),Annualized Cost (USD),Net Annual (USD)
Canada (national),Aggressive,2997600000.0,553000000.0,110600000.0,2887000000.0
Canada (national),Conservative,1311450000.0,553000000.0,110600000.0,1200850000.0
Canada (national),Expected,1873500000.0,553000000.0,110600000.0,1762900000.0
Worldwide,Aggressive,27416000000.0,3924000000.0,784800000.0,26631200000.0
Worldwide,Conservative,11994500000.0,3924000000.0,784800000.0,11209700000.0
Worldwide,Expected,17135000000.0,3924000000.0,784800000.0,16350200000.0
