Milestone,Window,Owners,Acceptance Criteria
Identity & Access,Weeks 1–2,"Platform Eng, Sec/Privacy",SSC SSO/SCIM live; WebAuthn; JIT admin; break‑glass
Data & Crypto,Weeks 2–4,"Platform Eng, SRE/DevOps",Aurora PITR; KMS hierarchy; rotation; secrets mgmt
Coverage Expansion,Weeks 3–8,Backend Eng,10–15 sources; schemas enforced; omission rules 5 processes
Compliance & Assurance,Weeks 4–10,"Sec/Privacy, PM/BA","PIA/TRA, SA&A; CICE evidence; pen test; DR game‑day"
UX & ATIP,Weeks 6–10,"Frontend, UX/Content",GCWeb polish EN/FR; WCAG pass; ATIP v1
Ops Readiness,Weeks 10–12,"SRE/DevOps, PM/BA",SLOs; autoscaling; cost guardrails; runbooks; pager
