{
  "$schema": "http://json-schema.org/draft-07/schema#",
  "title": "DPI Event v1",
  "type": "object",
  "additionalProperties": false,
  "properties": {
    "source_id": {
      "type": "string",
      "minLength": 1
    },
    "occurred_at": {
      "type": "string",
      "format": "date-time"
    },
    "subject_ref": {
      "type": [
        "string",
        "null"
      ]
    },
    "payload": {
      "type": "object"
    }
  },
  "required": [
    "source_id",
    "occurred_at",
    "payload"
  ]
}
